name,collaborators
jQuery-Twitter-Plugin,7
web-learn-jquery-com,1
Bocoup_Project,2
protobot,2
WAT,9
jquery-ui-notification,4
norby,1
jquery,12
jqfundamentals,3
jquery-module,2
large-jquery-apps,2
refactor-jquery,2
txjs-site,2
bro,4
jquery-docs,3
widget-factory-docs,3
collabracode,1
yayquery_site,2
jQuery.event.special.hashchange,2
yayqueryPad,2
ajpiano.github.com,1
backbone-boilerplate,4
Backbone.localStorage,1
bellevuesfinest,1
blockui,1
boilerplate-boilerplate,1
Boot,1
fixingthesejquery,1
Gitpicking,1
grunt-jquery-content,2
grunt-wintersmith,1
highlight.js,1
iliad,1
jquery-boilerplate,1
jQuery-Presentation,1
jquery-ui,2
jquery.ui-tokenlist,1
js1k-organ1k,2
learn.jquery.com,4
node-pygmentize,2
onelessjpg,1
w3fools,3
widgetfactory,1
wintersmith,1
wintersmith-ordered-pages,1
wordgame-strategy,1
jquery-event-target,1
PizzaPies,2
GenderRemixer,1
email-plusplus,1
Abacus,3
abacus.github.com,1
backbone,3
backbone.routefilter,1
backbone.search,1
boazsender.github.com,1
Bober,2
burst-core,2
butter,3
butterapp,1
cravasse,1
datacouch,1
datauri,1
dmv,3
etherpads,1
html5-learning-concussion,1
html5-learning-explosion,1
Leaflet,1
mbta-subway-realtime-json,1
mobilecheckbox,2
ObjectLateralJS,1
Opensource-Wordpress-Theme,1
ot-crew.com,4
polymapper,1
popcorn-js,3
Remixer,1
Rotoscoper,1
srchr,2
wtfjs,1
akihabara,2
akihabara_tutorials,1
bite-the-bullet,1
akiba,1
Another-World-Bytecode-Interpreter,1
boxbox,4
ColorSprite,1
ffo,1
gqTest,1
mantra,1
metaphor-a-minute,1
outslide,1
Prince-of-Persia-Apple-II,1
teamsnake-simple,1
wolf3d,1
chimelat,1
deferred-exec,1
dotfiles,6
dotfiles-gf3,1
easing.js,1
GigaQuery,1
gith,2
github-viewer,2
grunt,4
jquery-color,1
jquery-include,1
jquery-key,1
jquery-whenSet,1
jQuery.Mines,1
lodash,1
nave,1
nave-installer,1
perform,1
puppet-nodejs,1
Quewery,2
serializeObject,1
snippets,1
snippets.js,1
soundboard.js,1
soundboard.js-website,1
sproutcore-website,1
underscore.deferred,1
vapor.js,1
web-base-template,1
bookofevil,1
csslayoutsite,3
csslearningsite,1
deck.js-boilerplate,1
dream,1
dusk,1
edm-thing,1
express-messages,1
grunt-stylus,1
grunt-updoc,1
incompl,1
incompl-blog,1
internistory,1
jekyll-localize,1
keyDecode,1
LetterBrush,1
node-test,1
pokertimes,1
Richard-Greg-Robot-Thing,2
SuiteJS,1
super-inherit,1
updoc,1
slotmachine,1
senderfund.com,3
backbone.layoutmanager.docs,1
gruntjs.com,1
try_git,2
jory-learns-javascript,1
metaquery,1
clctr,1
gruntiso,1
voo,4
gaze,1
bash-misc,1
battlelog-hacks,1
benalman.com,1
benalman.com-content,1
blog.js,1
comment.aculo.us,1
css-misc,1
D8,1
embedly-jquery,1
enterprise-js,1
express,1
gaucho,2
gaucho-old,1
github-markdown-anchors,1
grunt-commonjs-example,1
grunt-gruntfile-example,1
grunt-gruntplugin-example,1
grunt-jquery-example,1
grunt-node-example,1
javascript-debug,1
javascript-emotify,1
javascript-getclass,1
javascript-hooker,1
javascript-htmlslice,1
javascript-library-boilerplate,1
javascript-linkify,1
javascript-packify,1
javascript-route-matcher,1
javascript-sync-async-foreach,1
jquery-bbq,1
jquery-dotimeout,1
jquery-equalizebottoms,1
jquery-getobject,1
jquery-hashchange,1
jquery-longurl,1
jquery-message-queuing,1
jquery-misc,1
jquery-mobile,1
jquery-outside-events,1
jquery-plugin,1
jquery-postmessage,1
jquery-replacetext,1
jquery-resize,1
jquery-starwipe,1
jquery-throttle-debounce,1
jquery-untils,1
jquery-urlinternal,1
jsconf-grunt-test,1
JSMin,1
Linkinus.AdiumEmoticonset,1
Modernizr,2
move_follow_test,1
node-findup-sync,1
node-glob-whatev,1
node-jqbuild,1
node-linken,1
node-zombie-connect-socket,1
Organ1k,1
php-simple-proxy,1
processingjs-pattern,1
pygmentize,1
semicolon,1
semver,1
Simplified.lnk2Style,1
subjectisdead,1
talks,1
textual-simplified-stealth,1
weekly-site,1
wow-cowboy,1
TileMillUK,1
drinks,1
RNA,1
recon_frontend,5
joystick.js,1
recon_backend,3
underscore.math,2
miso.fs,2
d3-bootstrap-plugins,1
adayofmbta-js,2
bower,1
clearance,1
clientsidedata,1
deck.js,1
deck.js-codemirror,1
devise,1
grunt-bbb,2
jodoc-js,1
johnny-five,2
juggernaut,1
moonshine_nodejs,1
mp3app,1
node-google-sql,1
node-serialport,1
nodecoptering,1
paper.js,2
processing-js,1
ruby-echonest,1
spotify-npr-allsongs,1
StartupDataTrends,1
underscore.nest,1
wordcloud,1
fortpoint.me,3
aea_assets,1
alfontso.js,1
Conference-Connector,1
derhund,1
Django-contrib.auth-scaffold,1
django-userena,1
embedly-python,1
fizbuz,1
glasses-view,1
navigator.getusermedia,1
octo-sandbox,1
pkarl-com,1
projects,1
snipt,1
unicorntown,2
legale.se,1
piHack,1
trendy,1
backbone.layoutmanager,1
beeswithmachineguns,1
Chrome-Bookmark-Tags,1
chrome-user-agent,1
crypto-research,1
CSS-Guidelines,1
DressUp,1
essential-js-design-patterns,1
footils,1
GrooveGrabber,1
grunt-dressup,1
html5please,2
irene-script,1
js-assessment,2
js-assessment-answers,2
jshint,1
kramdown,1
MorningStar,1
nitwit,1
passportjs-experiment,1
PHP-Video-for-Everybody,1
qunit,1
socket.io,1
socket.io-client,1
srcdoc-polyfill,1
aviatejs,1
leaderboard,1
jquery-ui-extensions,2
temp-jquery-bar,1
amplify,2
AnythingZoomer,1
community-updates,1
doT,1
fathom,1
grunt-compare-size,1
grunt-contrib-qunit,1
jQCon-SF2012-Notes,1
JQuery-Combinators,1
jquery-offline,1
jquery-tmpl,1
jquery-ui-carousel,1
jquery-validation,1
jquerypp,1
jsdoc-toolkit,1
jsrender,1
king_tour,1
node-polyglot,1
node-wordpress,1
nodeguide.com,1
notmuch-web,1
olado.github.com,1
popcorn.sequence,1
qdoc,1
qunitjs.com,1
simple-history,1
sizzle,1
svgboilerplate,1
temp-jqueryui,1
the-boxer,1
UITest,1
webshim,1
Wijmo-Open,1
tc39-codex-wiki,1
dromaeo,2
jqueryuncovered,1
CamanJS,2
draft-prop,1
140bytes,1
adventure,1
ajaxHooks,1
almond,1
angular.js,1
animeiosis,1
anvil.js,1
api-design-cookbook,1
appjs,1
arbor,1
Arduino,1
arduino.js,1
ArduinoCommander-adk,1
arduinojs,1
audionode.js,1
autorun,1
avrdude,1
b9snvs0,1
backbone-express-mongoose-socketio,1
backbone-fundamentals,1
Backbone-Playground,1
basket.js,1
benchmark.js,1
bitbeambot,1
blitz-node,1
Boatduinode,1
boom_amazing,1
bootstrap,1
brackets,1
brackets-app,1
brain,1
burst,1
buzz,1
bvjs,2
CamanDrop,1
candor,1
cascadiajs.github.com,1
ccv,1
cdnjs,1
chainvas,1
chromakey,1
chrome-app-samples,1
chrome-boilerplate,1
chrome-dev-snippets,1
Chrome-Extensions-Boilerplate,1
chromeless,1
cli,1
clodiuno,1
clojurescript,1
cloud9,1
cloudnine,1
cloudninetest,1
coffee-script,1
Common-Lisp.tmbundle,1
compios5,1
compojure,1
compulsive,1
computer-science-in-javascript,1
ContentLoaded,1
continuum,1
controller,1
couchapp,1
couchappspora,1
couchdb,1
couchdb-xd,1
couchdbStorage.js,1
cradle,1
create,1
csvlib,1
cujo,1
DataTrackJS,1
DeferJS,1
delimitMate,1
depthjs,1
descriptor,1
Design-Patterns-in-Javascript,1
DexterJS,1
diaspora,1
dict,1
doc,1
docco,1
doctorjs,1
dojo,2
dojo-boilerplate,3
dojo-sandbox,2
dom.js,1
dsp.js,1
duino,1
jquery-yui3-rosetta-stone,1
txjs2011_site,1
txjs2012,1
xqtouch,1
uptown,1
2012.jsconf.eu,1
arduino-display,1
berlinjs.org,1
blog-jekyll,1
blog-octopress,1
bloody-jquery-plugins,1
cufon,1
dojo-demo,1
dojo-scaffold,1
dojo-transformers,1
ember.js,1
ffco,1
ffconf-mulberry-demo,1
flitter,1
frontend-dev-baseline,1
grunt-mocha,1
idiomatic.js,1
jmvc-sandbox,1
johnny-five-projects,1
jQuery-201,1
jQuery-Fundamentals-Temp,1
js-minty-fresh,1
js-sandbox,1
js-testing-boilerplates,1
jshintrb,1
lawnchair,1
mulberry,1
mulberry-demos,1
mustache-cats,1
node-chat,1
object-literals,1
plugd,1
project-euler,1
requirejs,1
responsive-ui,1
reveal.js,1
rmurphey.github.com,1
sandbox,1
simple-sprites,1
SlickGrid,1
srchr-demo,1
srchr-ember,1
testable-javascript,1
tweetirc.js,1
twitterverse,1
waaa,1
xui,1
